<?xml version="1.0" encoding="UTF-8"?>
<addon id="repository.gojida66" name="[COLOR pink]gojida66 Repository[/COLOR]" version="1.0.2" provider-name="gojida66">
    <extension point="xbmc.addon.repository" name="[COLOR pink]gojida Repository[/COLOR]">
    <dir>
        <info compressed="false">https://raw.githubusercontent.com/Gujal00/smrzips/master/addons.xml</info>
        <checksum>https://raw.githubusercontent.com/Gujal00/smrzips/master/addons.xml.md5</checksum>
        <datadir zip="true">https://raw.githubusercontent.com/Gujal00/smrzips/master/zips/</datadir>
</dir>
        <info compressed="false">https://raw.githubusercontent.com/gojida66/gojida66.github.io/master/addons.xml</info>
        <checksum>https://raw.githubusercontent.com/gojida66/gojida66.github.io/master/addons.xml.md5</checksum>
        <datadir zip="true">https://raw.githubusercontent.com/gojida66/gojida66.github.io/master/</datadir>
    </extension>
    <extension point="xbmc.addon.metadata">
        <summary>Unofficial Addons for Kodi</summary>
        <description>For Ultimate Whitecrea Updates</description>
        <platform>all</platform>
    </extension>
</addon>

